Ranking,Name,q_r_base,band,w_band
1,Umbreon,169,1-150,1.0
2,Mimikyu,148,1-150,0.8705505632961241
3,Sylveon,136,1-150,0.8027415617602307
4,Eevee,129,1-150,0.757858283255199
5,Vaporeon,124,1-150,0.7247796636776955
6,Rayquaza,120,1-150,0.6988271187715792
7,Lucario,116,1-150,0.677610913400481
8,Chandelure,113,1-150,0.6597539553864471
9,Mew,111,1-150,0.6443940149772542
10,Espeon,109,1-150,0.6309573444801932
11,Lugia,107,1-150,0.6190439206838455
12,Leafeon,105,1-150,0.6083643418932058
13,Mudkip,103,1-150,0.5987028555414977
14,Kyogre,102,1-150,0.5898945623563898
15,Lapras,101,1-150,0.581810759152688
16,Mewtwo,99,1-150,0.5743491774985174
17,Gengar,98,1-150,0.5674272856715801
18,Luxray,97,1-150,0.5609775727230997
19,Rowlet,96,1-150,0.5549441528283543
20,Cyndaquil,95,1-150,0.5492802716530588
21,Gardevoir,94,1-150,0.5439464428888785
22,Giratina,94,1-150,0.5389090338563629
23,Jolteon,93,1-150,0.534139176844219
24,Decidueye,92,1-150,0.5296119205244061
25,Dragonite,91,1-150,0.5253055608807534
26,Lunala,91,1-150,0.5212011081386488
27,Suicune,90,1-150,0.5172818579717865
28,Bulbasaur,89,1-150,0.5135330435446758
29,Piplup,89,1-150,0.5099415508554722
30,Flygon,88,1-150,0.5064956841121182
31,Ninetales,88,1-150,0.5031849709985139
32,Garchomp,87,1-150,0.5
33,Darkrai,87,1-150,0.4969322836879265
34,Zoroark,86,1-150,0.4939741431709848
35,Dragonair,86,1-150,0.4911186099187366
36,Empoleon,85,1-150,0.4883593419305869
37,Glaceon,85,1-150,0.4856905518191413
38,Blastoise,85,1-150,0.4831069448426142
39,Greninja,84,1-150,0.48060366528769166
40,Wooper,84,1-150,0.47817624989501845
41,Shaymin,83,1-150,0.4758205872514956
42,Zorua,83,1-150,0.4735328822598362
43,Scizor,83,1-150,0.4713096249462249
44,Typhlosion,82,1-150,0.46914756298902677
45,Dialga,82,1-150,0.46704367745113423
46,Ho-Oh,82,1-150,0.46499516128026286
47,Jirachi,81,1-150,0.4629994002088401
48,Raichu,81,1-150,0.4610539557408639
49,Xerneas,81,1-150,0.45915654995943406
50,Ampharos,80,1-150,0.45730505192732634
51,Reshiram,80,1-150,0.4554974654853728
52,Arceus,80,1-150,0.4537319182806649
53,Swampert,79,1-150,0.4520066518795915
54,Torterra,79,1-150,0.45032001284020445
55,Squirtle,79,1-150,0.4486704446349596
56,Ivysaur,79,1-150,0.4470564803289906
57,Absol,78,1-150,0.44547673593114123
58,Sprigatito,78,1-150,0.4439299043453304
59,Victini,78,1-150,0.4424147498587236
60,Flareon,78,1-150,0.4409301031108602
61,Arcanine,77,1-150,0.43947485649452495
62,Ceruledge,77,1-150,0.43804795994490014
63,Blaziken,77,1-150,0.4366484170785404
64,Litten,77,1-150,0.43527528164806206
65,Pikachu,77,1-150,0.43392765428224267
66,Snorlax,76,1-150,0.43260467948455383
67,Gyarados,76,1-150,0.431305542866065
68,Milotic,76,1-150,0.4300294685912211
69,Metagross,76,1-150,0.42877571701725237
70,Venusaur,75,1-150,0.42754358250996566
71,Articuno,75,1-150,0.4263323914204262
72,Latias,75,1-150,0.4251415002085969
73,Celebi,75,1-150,0.4239702937013828
74,Altaria,75,1-150,0.42281818347375877
75,Oshawott,75,1-150,0.42168460634274996
76,Rotom,74,1-150,0.42056902296500737
77,Gallade,74,1-150,0.41947091652959545
78,Zekrom,74,1-150,0.4183897915383819
79,Ditto,74,1-150,0.41732517266711977
80,Lycanroc,74,1-150,0.41627660370093655
81,Dratini,73,1-150,0.41524364653850576
82,Corviknight,73,1-150,0.4142258802596821
83,Dragapult,73,1-150,0.41322290025183656
84,Salamence,73,1-150,0.4122343173905376
85,Mismagius,73,1-150,0.4112597572705955
86,Serperior,73,1-150,0.4102988594838211
87,Riolu,73,1-150,0.40935127694015583
88,Vulpix,72,1-150,0.40841667522910113
89,Goodra,72,1-150,0.40749473201862896
90,Furret,72,1-150,0.4065851364889782
91,Quagsire,72,1-150,0.40568758879895045
92,Porygon,72,1-150,0.4048017995825049
93,Solgaleo,72,1-150,0.4039274894736234
94,Meowscarada,72,1-150,0.4030643886575734
95,Primarina,71,1-150,0.40221223644683823
96,Spheal,71,1-150,0.4013707808801153
97,Sceptile,71,1-150,0.4005397783429008
98,Clodsire,71,1-150,0.3997189932082903
99,Marshadow,71,1-150,0.3989081974967242
100,Quilava,71,1-150,0.3981071705534972
101,Tyranitar,71,1-150,0.3973156987429393
102,Charizard,70,1-150,0.3965335751582481
103,Cosmog,70,1-150,0.3957605993460295
104,Totodile,70,1-150,0.3949965770446638
105,Groudon,70,1-150,0.3942413199356802
106,Phantump,70,1-150,0.39349464540737344
107,Rockruff,70,1-150,0.39275637632995297
108,Haunter,70,1-150,0.39202634084155785
109,Grovyle,70,1-150,0.39130437214451874
110,Fennekin,69,1-150,0.39059030831128655
111,Mareep,69,1-150,0.3898839920994857
112,Porygon2,69,1-150,0.3891852707755854
113,Pichu,69,1-150,0.38849399594671424
114,Wartortle,69,1-150,0.38781002340017373
115,Scyther,69,1-150,0.3871332129502341
116,Hydreigon,69,1-150,0.3864634282918219
117,Noivern,69,1-150,0.3858005368607328
118,Zapdos,69,1-150,0.38514440970002567
119,Snivy,69,1-150,0.38449492133227503
120,Porygon-Z,68,1-150,0.38385194963737745
121,Turtwig,68,1-150,0.38321537573562725
122,Litwick,68,1-150,0.38258508387579204
123,Torchic,68,1-150,0.38196096132793567
124,Samurott,68,1-150,0.38134289828075085
125,Latios,68,1-150,0.3807307877431757
126,Deoxys,68,1-150,0.38012452545008435
127,Froslass,68,1-150,0.37952400977185097
128,Braixen,68,1-150,0.3789291416275995
129,Shinx,68,1-150,0.3783398244019612
130,Entei,67,1-150,0.37775596386517213
131,Togepi,67,1-150,0.3771774680963526
132,Raikou,67,1-150,0.37660424740981757
133,Charmander,67,1-150,0.3760362142842772
134,Weavile,67,1-150,0.37547328329479346
135,Volcarona,67,1-150,0.3749153710473649
136,Aegislash,67,1-150,0.37436239611602046
137,Breloom,67,1-150,0.37381427898230773
138,Trevenant,67,1-150,0.37327094197706856
139,Treecko,67,1-150,0.3727323092243983
140,Fuecoco,67,1-150,0.3721983065876935
141,Gliscor,66,1-150,0.3716688616176944
142,Skeledirge,66,1-150,0.37114390350243576
143,Tinkaton,66,1-150,0.37062336301902277
144,Krookodile,66,1-150,0.3701071724871533
145,Meloetta,66,1-150,0.3695952657243116
146,Popplio,66,1-150,0.3690875780025619
147,Misdreavus,66,1-150,0.3685840460068755
148,Yveltal,66,1-150,0.3680846077949247
149,Scorbunny,66,1-150,0.36758920275828505
150,Delphox,66,1-150,0.3670977715849853
151,Heracross,65,151-500,1.0
152,Growlithe,58,151-500,0.8766057213160351
153,Cubone,54,151-500,0.8116092004987074
154,Togekiss,52,151-500,0.7684375906440062
155,Alakazam,50,151-500,0.7365389174797359
156,Dewott,48,151-500,0.7114612686299
157,Haxorus,47,151-500,0.6909257400742687
158,Froakie,46,151-500,0.6736167884328451
159,Miraidon,45,151-500,0.658709494334151
160,Iron Valiant,44,151-500,0.6456542290346555
161,Palkia,44,151-500,0.6340673487771036
162,Aggron,43,151-500,0.6236710185757348
163,Crobat,42,151-500,0.614257917526621
164,Ralts,42,151-500,0.6056694567536196
165,Mawile,41,151-500,0.5977817619519119
166,Zygarde,41,151-500,0.5904963307147651
167,Floragato,41,151-500,0.5837336170691962
168,Feraligatr,40,151-500,0.5774285114185093
169,Lilligant,40,151-500,0.5715270838585208
170,Sirfetch'd,40,151-500,0.5659841911636727
171,Aurorus,39,151-500,0.5607616875056549
172,Meganium,39,151-500,0.5558270656376988
173,Sharpedo,39,151-500,0.5511524104853002
174,Shedinja,38,151-500,0.5467135831024884
175,Slowbro,38,151-500,0.5424895769622212
176,Goomy,38,151-500,0.5384620048675092
177,Incineroar,38,151-500,0.5346146860574482
178,Golurk,38,151-500,0.5309333110165978
179,Marill,37,151-500,0.5274051671558878
180,Azumarill,37,151-500,0.5240189126254261
181,Gible,37,151-500,0.5207643885154845
182,Torracat,37,151-500,0.5176324619206888
183,Lampent,37,151-500,0.5146148940033201
184,Nidoking,36,151-500,0.511704228447361
185,Cinderace,36,151-500,0.5088936966531872
186,Emolga,36,151-500,0.5061771367604667
187,Wooloo,36,151-500,0.5035489241593135
188,Whimsicott,36,151-500,0.5010039115974487
189,Snom,36,151-500,0.4985373773437818
190,Koraidon,35,151-500,0.496144980148504
191,Joltik,35,151-500,0.49382271996301874
192,Sandslash,35,151-500,0.49156690356229166
193,Spiritomb,35,151-500,0.48937411435698525
194,Pachirisu,35,151-500,0.4872411858003102
195,Gabite,35,151-500,0.48516517789049984
196,Zacian,35,151-500,0.483143356348538
197,Staraptor,35,151-500,0.4811731741156561
198,Meowth,34,151-500,0.4792522548688309
199,Sneasel,34,151-500,0.47737837829717583
200,Cinccino,34,151-500,0.47554946691939864
201,Houndoom,34,151-500,0.47376357425374904
202,Luxio,34,151-500,0.47201887417816124
203,Walking Wake,34,151-500,0.4703136513404898
204,Bayleef,34,151-500,0.46864629249753503
205,Gastly,34,151-500,0.46701527867753395
206,Reuniclus,34,151-500,0.4654191780744156
207,Kyurem,34,151-500,0.46385663959377177
208,Noibat,33,151-500,0.4623263869804911
209,Marowak,33,151-500,0.4608272134665976
210,Sableye,33,151-500,0.459357976885256
211,Pumpkaboo,33,151-500,0.4579175952033146
212,Excadrill,33,151-500,0.45650504243032025
213,Beedrill,33,151-500,0.4551193448667706
214,Axew,33,151-500,0.45375957765858044
215,Infernape,33,151-500,0.4524248616284143
216,Sandshrew,33,151-500,0.4511143603577553
217,Cresselia,33,151-500,0.44982727749640217
218,Hawlucha,33,151-500,0.4485628542785641
219,Appletun,33,151-500,0.4473203672269099
220,Zeraora,32,151-500,0.4460991260278507
221,Wailord,32,151-500,0.44489847156304174
222,Lurantis,32,151-500,0.44371777408359425
223,Cofagrigus,32,151-500,0.44255643151482876
224,Hydrapple,32,151-500,0.44141386788058845
225,Flutter Mane,32,151-500,0.44028953183719033
226,Regigigas,32,151-500,0.4391828953080366
227,Munchlax,32,151-500,0.4380934522107497
228,Rapidash,32,151-500,0.4370207172694502
229,Marshtomp,32,151-500,0.4359642249054714
230,Wobbuffet,32,151-500,0.43492352820040925
231,Roserade,32,151-500,0.43389819792595297
232,Dusknoir,32,151-500,0.43288782163542844
233,Chikorita,32,151-500,0.43189200281242995
234,Diancie,32,151-500,0.43091036007231254
235,Poliwhirl,32,151-500,0.4299425264126765
236,Slowking,31,151-500,0.4289881485093009
237,Bisharp,31,151-500,0.42804688605427726
238,Toxtricity,31,151-500,0.4271184111333612
239,Chien-Pao,31,151-500,0.426202407639801
240,Farfetch'd,31,151-500,0.42529857072212407
241,Tropius,31,151-500,0.42440660626355964
242,Talonflame,31,151-500,0.4235262303909603
243,Jigglypuff,31,151-500,0.4226571690112506
244,Lopunny,31,151-500,0.4217991573735808
245,Servine,31,151-500,0.42095193965550515
246,Duskull,31,151-500,0.4201152685716278
247,Espurr,31,151-500,0.41928890500327726
248,Tepig,31,151-500,0.41847261764787486
249,Genesect,31,151-500,0.41766618268676164
250,Psyduck,31,151-500,0.4168693834703354
251,Kangaskhan,31,151-500,0.41608201021943336
252,Starmie,31,151-500,0.4153038597419706
253,Abra,31,151-500,0.41453473516391315
254,Regice,31,151-500,0.41377444567372984
255,Keldeo,31,151-500,0.413022806279525
256,Necrozma,30,151-500,0.41227963757810826
257,Shuckle,30,151-500,0.41154476553530894
258,Tapu Koko,30,151-500,0.41081802127688727
259,Charmeleon,30,151-500,0.41009924088943894
260,Meowstic,30,151-500,0.4093882652307288
261,Banette,30,151-500,0.40868493974892467
262,Butterfree,30,151-500,0.4079891143102392
263,Kirlia,30,151-500,0.40730064303451646
264,Armarouge,30,151-500,0.40661938413833043
265,Ponyta,30,151-500,0.40594519978519
266,Hatterene,30,151-500,0.4052779559424698
267,Gligar,30,151-500,0.40461752224470915
268,Clefairy,30,151-500,0.4039637718629453
269,Swablu,30,151-500,0.40331658137976417
270,Zebstrika,30,151-500,0.4026758306697744
271,Steelix,30,151-500,0.40204140278522504
272,Honchkrow,30,151-500,0.40141318384650576
273,Annihilape,30,151-500,0.4007910629372827
274,Magnezone,30,151-500,0.4001749320040381
275,Oddish,30,151-500,0.39956468575979426
276,Scolipede,30,151-500,0.39896022159181677
277,Phanpy,30,151-500,0.39836143947310093
278,Bidoof,30,151-500,0.39776824187745935
279,Falinks,30,151-500,0.3971805336980358
280,Zigzagoon,30,151-500,0.39659822216908347
281,Registeel,30,151-500,0.39602121679085106
282,Trapinch,29,151-500,0.3954494292574319
283,Aron,29,151-500,0.3948827733874371
284,Moltres,29,151-500,0.3943211650573619
285,Alcremie,29,151-500,0.3937645221375217
286,Flaaffy,29,151-500,0.39321276443044023
287,Machamp,29,151-500,0.3926658136115783
288,Ludicolo,29,151-500,0.39212359317229906
289,Grookey,29,151-500,0.39158602836496836
290,Omanyte,29,151-500,0.3910530461500969
291,Politoed,29,151-500,0.39052457514543293
292,Virizion,29,151-500,0.3900005455769217
293,Aerodactyl,29,151-500,0.38948088923144925
294,Buizel,29,151-500,0.38896553941129464
295,Golisopod,29,151-500,0.38845443089021675
296,Slowpoke,29,151-500,0.38794749987110694
297,Skarmory,29,151-500,0.38744468394514037
298,Drakloak,29,151-500,0.3869459220523642
299,Galvantula,29,151-500,0.3864511544436624
300,Mienshao,29,151-500,0.3859603226440396
301,Tyrantrum,29,151-500,0.3854733694171712
302,Chespin,29,151-500,0.38499023873116617
303,Dedenne,29,151-500,0.38451087572549525
304,Ogerpon,29,151-500,0.38403522667903617
305,Archeops,29,151-500,0.38356323897919153
306,Bellossom,29,151-500,0.38309486109203744
307,Drifloon,29,151-500,0.38263004253346056
308,Togetic,29,151-500,0.3821687338412469
309,Zamazenta,29,151-500,0.3817108865480828
310,Salazzle,29,151-500,0.3812564531554347
311,Sobble,29,151-500,0.3808053871082731
312,Amaura,29,151-500,0.3803576427706078
313,Larvitar,29,151-500,0.3799131754018043
314,Bewear,29,151-500,0.3794719411336519
315,Roselia,28,151-500,0.37903389694815437
316,Inteleon,28,151-500,0.3785990006560172
317,Drifblim,28,151-500,0.3781672108758045
318,Leavanny,28,151-500,0.37773848701374196
319,Kartana,28,151-500,0.3773127892441411
320,Murkrow,28,151-500,0.3768900784904228
321,Yamper,28,151-500,0.3764703164067182
322,Tsareena,28,151-500,0.3760534653600261
323,Minccino,28,151-500,0.3756394884129065
324,Skitty,28,151-500,0.3752283493066924
325,Dreepy,28,151-500,0.3748200124451996
326,Poliwrath,28,151-500,0.3744144428789189
327,Kommo-o,28,151-500,0.37401160628967245
328,Sliggoo,28,151-500,0.37361146897571856
329,Gogoat,28,151-500,0.3732139978372893
330,Magikarp,28,151-500,0.37281916036254636
331,Azelf,28,151-500,0.3724269246139399
332,Houndour,28,151-500,0.37203725921495817
333,Kingdra,28,151-500,0.3716501333372529
334,Kabutops,28,151-500,0.37126551668812907
335,Type: Null,28,151-500,0.37088337949838635
336,Blissey,28,151-500,0.3705036925105007
337,Vileplume,28,151-500,0.37012642696713427
338,Poliwag,28,151-500,0.3697515545999636
339,Azurill,28,151-500,0.3693790476188152
340,Nihilego,28,151-500,0.36900887870109816
341,Slither Wing,28,151-500,0.36864102098152524
342,Quaxly,28,151-500,0.3682754480421116
343,Floatzel,28,151-500,0.36791213390244365
344,Clefable,28,151-500,0.36755105301020835
345,Zangoose,28,151-500,0.36719218023197564
346,Nidoqueen,28,151-500,0.36683549084422473
347,Roaring Moon,28,151-500,0.3664809605246079
348,Smeargle,28,151-500,0.36612856534344357
349,Pangoro,28,151-500,0.36577828175543164
350,Rhydon,28,151-500,0.3654300865915842
351,Pancham,28,151-500,0.36508395705136515
352,Pidgeot,28,151-500,0.3647398706950323
353,Buneary,28,151-500,0.36439780543617517
354,Raboot,28,151-500,0.3640577395344436
355,Flapple,28,151-500,0.3637196515884606
356,Dwebble,28,151-500,0.36338352052891365
357,Frogadier,28,151-500,0.3630493256118205
358,Toucannon,28,151-500,0.3627170464119625
359,Tapu Fini,28,151-500,0.36238666281648163
360,Yamask,27,151-500,0.36205815501863603
361,Electivire,27,151-500,0.3617315035117097
362,Ribombee,27,151-500,0.3614066890830711
363,Dartrix,27,151-500,0.3610836928083772
364,Vikavolt,27,151-500,0.36076249604591804
365,Larvesta,27,151-500,0.36044308043109835
366,Xatu,27,151-500,0.360125427871052
367,Abomasnow,27,151-500,0.3598095205393851
368,Iron Moth,27,151-500,0.35949534087104507
369,Zweilous,27,151-500,0.35918287155731116
370,Maushold,27,151-500,0.3588720955409033
371,Magearna,27,151-500,0.3585629960112065
372,Deino,27,151-500,0.35825555639960643
373,Gigalith,27,151-500,0.3579497603749344
374,Spectrier,27,151-500,0.35764559183901756
375,Lotad,27,151-500,0.3573430349223322
376,Honedge,27,151-500,0.35704207397975724
377,Kadabra,27,151-500,0.3567426935864243
378,Wigglytuff,27,151-500,0.35644487853366313
379,Sandile,27,151-500,0.3561486138250388
380,Silvally,27,151-500,0.35585388467247847
381,Gourgeist,27,151-500,0.35556067649248524
382,Palossand,27,151-500,0.355268974902437
383,Wynaut,27,151-500,0.3549787657169679
384,Magneton,27,151-500,0.35469003494443013
385,Runerigus,27,151-500,0.3544027687834338
386,Centiskorch,27,151-500,0.3541169536194634
387,Krokorok,27,151-500,0.3538325760215683
388,Cosmoem,27,151-500,0.35354962273912555
389,Arbok,27,151-500,0.353268080698673
390,Togedemaru,27,151-500,0.3529879370008112
391,Sudowoodo,27,151-500,0.35270917891717213
392,Mightyena,27,151-500,0.3524317938874528
393,Great Tusk,27,151-500,0.3521557695165126
394,Croconaw,27,151-500,0.3518810935715324
395,Obstagoon,27,151-500,0.3516077539792337
396,Corvisquire,27,151-500,0.3513357388231571
397,Audino,27,151-500,0.35106503634099745
398,Wailmer,27,151-500,0.35079563492199506
399,Tangela,27,151-500,0.35052752310438173
400,Braviary,27,151-500,0.3502606895728793
401,Manaphy,27,151-500,0.3499951231562505
402,Vespiquen,27,151-500,0.3497308128248997
403,Nidoran♂,27,151-500,0.3494677476885242
404,Stufful,27,151-500,0.3492059169938117
405,Applin,27,151-500,0.34894531012218677
406,Mamoswine,27,151-500,0.34868591658760134
407,Toxicroak,27,151-500,0.348427726034371
408,Dipplin,27,151-500,0.34817072823505446
409,Seviper,27,151-500,0.3479149130883754
410,Chi-Yu,27,151-500,0.3476602706171865
411,Archen,27,151-500,0.34740679096647326
412,Metang,27,151-500,0.34715446440139786
413,Corsola,27,151-500,0.3469032813053817
414,Frosmoth,27,151-500,0.34665323217822547
415,Pheromosa,27,151-500,0.3464043076342663
416,Magnemite,27,151-500,0.3461564984005707
417,Salandit,27,151-500,0.3459097953151631
418,Drampa,27,151-500,0.34566418932528803
419,Tapu Lele,26,151-500,0.34541967148570685
420,Cursola,26,151-500,0.3451762329570261
421,Ursaluna,26,151-500,0.3449338650040592
422,Hoppip,26,151-500,0.34469255899421825
423,Croagunk,26,151-500,0.3444523063959373
424,Poochyena,26,151-500,0.34421309877712536
425,Malamar,26,151-500,0.343974927803648
426,Magcargo,26,151-500,0.3437377852378387
427,Gastrodon,26,151-500,0.3435016629370369
428,Teddiursa,26,151-500,0.34326655285215446
429,Fletchling,26,151-500,0.3430324470262682
430,Doublade,26,151-500,0.34279933759323844
431,Seadra,26,151-500,0.3425672167763539
432,Hattrem,26,151-500,0.3423360768870004
433,Floette,26,151-500,0.3421059103233553
434,Tyrunt,26,151-500,0.34187670956910465
435,Girafarig,26,151-500,0.34164846719218467
436,Regirock,26,151-500,0.3414211758435453
437,Cobalion,26,151-500,0.341194828255937
438,Shroomish,26,151-500,0.34096941724271856
439,Maractus,26,151-500,0.34074493569668707
440,Golett,26,151-500,0.3405213765889284
441,Skiddo,26,151-500,0.3402987329676883
442,Uxie,26,151-500,0.34007699795726415
443,Snorunt,26,151-500,0.3398561647569151
444,Onix,26,151-500,0.33963622663979304
445,Mantine,26,151-500,0.339417176951891
446,Tatsugiri,26,151-500,0.33919900911101103
447,Lairon,26,151-500,0.3389817166057497
448,Sentret,26,151-500,0.33876529299450114
449,Inkay,26,151-500,0.33854973190447785
450,Chansey,26,151-500,0.33833502703074797
451,Whiscash,26,151-500,0.3381211721352898
452,Steenee,26,151-500,0.3379081610460618
453,Pelipper,26,151-500,0.3376959876560893
454,Combusken,26,151-500,0.33748464592256644
455,Horsea,26,151-500,0.3372741298659732
456,Tentacruel,26,151-500,0.33706443356920807
457,Spinda,26,151-500,0.3368555511767347
458,Polteageist,26,151-500,0.3366474768937435
459,Stoutland,26,151-500,0.33644020498532695
460,Chimchar,26,151-500,0.33623372977566895
461,Nidorino,26,151-500,0.3360280456472477
462,Ninjask,26,151-500,0.33582314704005173
463,Torkoal,26,151-500,0.33561902845080915
464,Jumpluff,26,151-500,0.3354156844322294
465,Cutiefly,26,151-500,0.3352131095922578
466,Swellow,26,151-500,0.33501129859334206
467,Shuppet,26,151-500,0.33481024615171107
468,Eternatus,26,151-500,0.3346099470366653
469,Pidgeotto,26,151-500,0.3344103960698789
470,Fletchinder,26,151-500,0.33421158812471297
471,Scream Tail,26,151-500,0.3340135181255401
472,Tandemaus,26,151-500,0.3338161810470797
473,Starly,26,151-500,0.3336195719137442
474,Vivillon,26,151-500,0.33342368579899545
475,Eelektross,26,151-500,0.3332285178247115
476,Fraxure,26,151-500,0.333034063160564
477,Guzzlord,26,151-500,0.3328403170234044
478,Dachsbun,26,151-500,0.3326472746766609
479,Crustle,26,151-500,0.3324549314297446
480,Yanmega,26,151-500,0.3322632826374646
481,Electabuzz,26,151-500,0.3320723236994529
482,Scraggy,26,151-500,0.331882050059598
483,Emboar,26,151-500,0.3316924572054872
484,Unown,26,151-500,0.33150354066785775
485,Sneasler,26,151-500,0.3313152960200568
486,Kingambit,26,151-500,0.331127718877509
487,Basculegion,26,151-500,0.33094080489719296
488,Corphish,26,151-500,0.3307545497771254
489,Vibrava,26,151-500,0.33056894925585334
490,Kleavor,26,151-500,0.3303839991119541
491,Persian,26,151-500,0.33019969516354275
492,Regieleki,26,151-500,0.33001603326778717
493,Plusle,26,151-500,0.32983300932043036
494,Rillaboom,26,151-500,0.3296506192553203
495,Minun,26,151-500,0.3294688590439461
496,Staryu,26,151-500,0.32928772469498235
497,Diglett,26,151-500,0.3291072122538388
498,Greavard,26,151-500,0.32892731780221823
499,Farigiraf,26,151-500,0.32874803745767983
500,Oricorio,25,151-500,0.3285693673732094
501,Meltan,25,501-800,1.0
502,Melmetal,24,501-800,0.9330329915368074
503,Dugtrio,23,501-800,0.8959584598407622
504,Armaldo,23,501-800,0.8705505632961241
505,Charcadet,22,501-800,0.8513399225207846
506,Raging Bolt,22,501-800,0.8359588020779368
507,Omastar,22,501-800,0.8231712539930442
508,Sawsbuck,22,501-800,0.8122523963562355
509,Morpeko,21,501-800,0.8027415617602307
510,Duosion,21,501-800,0.7943282347242815
511,Xurkitree,21,501-800,0.7867934421967723
512,Manectric,21,501-800,0.7799771419043033
513,Swadloon,21,501-800,0.7737589130611018
514,Combee,21,501-800,0.7680459376602352
515,Sinistea,21,501-800,0.7627652057826759
516,Exeggutor,21,501-800,0.757858283255199
517,Mudsdale,20,501-800,0.7532776949250389
518,Pyukumuku,20,501-800,0.7489843608000769
519,Hoopa,20,501-800,0.7449457381771871
520,Bounsweet,20,501-800,0.7411344491069477
521,Cloyster,20,501-800,0.7375272489127968
522,Deerling,20,501-800,0.7341042390943966
523,Delibird,20,501-800,0.7308482584259327
524,Lanturn,20,501-800,0.7277444060413011
525,Hitmonchan,20,501-800,0.7247796636776955
526,Helioptile,20,501-800,0.7219425933816683
527,Regidrago,20,501-800,0.7192230933248643
528,Wyrdeer,20,501-800,0.7166121988528216
529,Nidorina,20,501-800,0.7141019190952173
530,Slugma,20,501-800,0.7116851017915987
531,Spoink,20,501-800,0.7093553206951463
532,Poipole,20,501-800,0.7071067811865475
533,Ursaring,20,501-800,0.7049342406834318
534,Dunsparce,19,501-800,0.7028329411538596
535,Buzzwole,19,501-800,0.7007985515957754
536,Heliolisk,19,501-800,0.6988271187715792
537,Pawniard,19,501-800,0.6969150248194834
538,Dudunsparce,19,501-800,0.6950589506240562
539,Druddigon,19,501-800,0.693255844034287
540,Amoonguss,19,501-800,0.6915028921812392
541,Gouging Fire,19,501-800,0.6897974972783647
542,Palafin,19,501-800,0.6881372553930184
543,Chinchou,19,501-800,0.6865199377630813
544,Rhyhorn,19,501-800,0.6849434743020966
545,Jangmo-o,19,501-800,0.6834059389931684
546,Donphan,19,501-800,0.6819055369186137
547,Walrein,19,501-800,0.6804405927109582
548,Tinkatuff,19,501-800,0.6790095402428922
549,Florges,19,501-800,0.677610913400481
550,Natu,19,501-800,0.6762433378062414
551,Smoliv,19,501-800,0.6749055233774375
552,Prinplup,19,501-800,0.6735962576207389
553,Dragalge,19,501-800,0.6723143995777507
554,Klefki,19,501-800,0.6710588743472546
555,Scrafty,19,501-800,0.6698286681196615
556,Hitmontop,19,501-800,0.6686228236674175
557,Vanillite,19,501-800,0.6674404362421723
558,Mesprit,19,501-800,0.6662806498355858
559,Petilil,19,501-800,0.6651426537658847
560,Dusclops,19,501-800,0.6640256795567926
561,Primeape,19,501-800,0.6629289980793758
562,Drilbur,19,501-800,0.6618519169307437
563,Fidough,19,501-800,0.6607937780265039
564,Garganacl,19,501-800,0.6597539553864471
565,Glalie,19,501-800,0.658731853095205
566,Crawdaunt,19,501-800,0.6577269034215901
567,Foongus,19,501-800,0.6567385650820766
568,Noctowl,19,501-800,0.6557663216353986
569,Cleffa,19,501-800,0.654809679996602
570,Swinub,19,501-800,0.653868169060068
571,Sealeo,19,501-800,0.6529413384220869
572,Chesnaught,18,501-800,0.6520287571944944
573,Sewaddle,18,501-800,0.6511300129017114
574,Sigilyph,18,501-800,0.650244710454271
575,Dewgong,18,501-800,0.6493724711925737
576,Blitzle,18,501-800,0.6485129319951972
577,Mantyke,18,501-800,0.6476657444466207
578,Kecleon,18,501-800,0.6468305740596851
579,Shellder,18,501-800,0.646007099548542
580,Komala,18,501-800,0.645195012148216
581,Liepard,18,501-800,0.6443940149772542
582,Caterpie,18,501-800,0.6436038224402354
583,Darmanitan,18,501-800,0.6428241596671959
584,Delcatty,18,501-800,0.642054761987276
585,Araquanid,18,501-800,0.6412953744341179
586,Grotle,18,501-800,0.6405457512807505
587,Shiftry,18,501-800,0.6398056556018834
588,Chatot,18,501-800,0.6390748588616995
589,Bellsprout,18,501-800,0.6383531405253905
590,Beautifly,18,501-800,0.6376402876928168
591,Chimecho,18,501-800,0.6369360947528021
592,Cottonee,18,501-800,0.6362403630566871
593,Cranidos,18,501-800,0.6355529006098732
594,Glastrier,18,501-800,0.6348735217801837
595,Kabuto,18,501-800,0.6342020470219552
596,Boltund,18,501-800,0.633538302614858
597,Eiscue,18,501-800,0.6328821204165123
598,Stakataka,18,501-800,0.6322333376280392
599,Golduck,18,501-800,0.6315917965717447
600,Pawmi,18,501-800,0.6309573444801932
601,Mienfoo,18,501-800,0.630329833295981
602,Wingull,18,501-800,0.6297091194815652
603,Nickit,18,501-800,0.6290950638385501
604,Dodrio,18,501-800,0.6284875313358761
605,Hatenna,18,501-800,0.6278863909463878
606,Monferno,18,501-800,0.6272915154913012
607,Whirlipede,18,501-800,0.6267027814921144
608,Carbink,18,501-800,0.6261200690295415
609,Clawitzer,18,501-800,0.6255432616090743
610,Brionne,18,501-800,0.6249722460328031
611,Lillipup,18,501-800,0.624406912277151
612,Iron Bundle,18,501-800,0.6238471533761979
613,Solosis,18,501-800,0.6232928653102924
614,Lunatone,18,501-800,0.6227439468996657
615,Rookidee,18,501-800,0.6222002997027839
616,Elekid,18,501-800,0.6216618279191847
617,Yanma,18,501-800,0.6211284382965674
618,Finizen,18,501-800,0.6206000400419143
619,Herdier,18,501-800,0.6200765447364341
620,Mareanie,18,501-800,0.6195578662541357
621,Iron Leaves,18,501-800,0.6190439206838455
622,Wishiwashi,18,501-800,0.6185346262544984
623,Dondozo,18,501-800,0.618029903263536
624,Beldum,18,501-800,0.6175296740082624
625,Tauros,18,501-800,0.6170338627200096
626,Naganadel,18,501-800,0.616542395500978
627,Sandygast,18,501-800,0.6160552002636216
628,Octillery,18,501-800,0.6155722066724582
629,Taillow,18,501-800,0.6150933460881862
630,Bagon,18,501-800,0.6146185515140038
631,Iron Jugulis,18,501-800,0.6141477575440235
632,Cacturne,18,501-800,0.613680900313687
633,Cacnea,18,501-800,0.6132179174520891
634,Blacephalon,18,501-800,0.6127587480361202
635,Carnivine,18,501-800,0.612303332546349
636,Pikipek,18,501-800,0.6118516128245642
637,Thievul,18,501-800,0.611403532032902
638,Carracosta,18,501-800,0.6109590346144892
639,Flabébé,18,501-800,0.6105180662555354
640,Hariyama,18,501-800,0.6100805738488102
641,Quaquaval,18,501-800,0.6096465054584455
642,Charjabug,18,501-800,0.6092158102860067
643,Hakamo-o,18,501-800,0.6087884386377773
644,Rampardos,18,501-800,0.6083643418932058
645,Camerupt,18,501-800,0.6079434724744658
646,Toxapex,18,501-800,0.6075257838170838
647,Cyclizar,18,501-800,0.607111230341587
648,Lickitung,18,501-800,0.6066997674261336
649,Terapagos,18,501-800,0.6062913513800812
650,Purrloin,18,501-800,0.6058859394184564
651,Victreebel,18,501-800,0.6054834896372906
652,Machoke,18,501-800,0.605083960989785
653,Comfey,18,501-800,0.6046873132632724
654,Doduo,18,501-800,0.604293507056944
655,Kingler,18,501-800,0.6039025037603122
656,Venonat,18,501-800,0.6035142655323785
657,Ducklett,18,501-800,0.6031287552814808
658,Pawmot,18,501-800,0.6027459366457922
659,Mankey,18,501-800,0.6023657739744483
660,Eldegoss,18,501-800,0.6019882323092768
661,Escavalier,18,501-800,0.6016132773671075
662,Archaludon,18,501-800,0.6012408755226418
663,Dhelmise,18,501-800,0.6008709937918584
664,Dubwool,18,501-800,0.600503599815937
665,Nidoran♀,18,501-800,0.600138661845681
666,Krabby,17,501-800,0.5997761487264182
667,Cubchoo,17,501-800,0.599416029883366
668,Cherubi,17,501-800,0.5990582753074409
669,Wo-Chien,17,501-800,0.5987028555414977
670,Aipom,17,501-800,0.5983497416669821
671,Celesteela,17,501-800,0.5979989052909831
672,Vanilluxe,17,501-800,0.5976503185336705
673,Hoothoot,17,501-800,0.5973039540161026
674,Perrserker,17,501-800,0.5969597848483936
675,Furfrou,17,501-800,0.5966177846182255
676,Miltank,17,501-800,0.5962779273796944
677,Venipede,17,501-800,0.5959401876424794
678,Electrike,17,501-800,0.5956045403613212
679,Golem,17,501-800,0.5952709609258027
680,Tangrowth,17,501-800,0.5949394251504194
681,Iron Thorns,17,501-800,0.5946099092649301
682,Cramorant,17,501-800,0.5942823899049784
683,Drednaw,17,501-800,0.5939568441029771
684,Urshifu,17,501-800,0.5936332492792451
685,Pawmo,17,501-800,0.5933115832333897
686,Drapion,17,501-800,0.5929918241359252
687,Frillish,17,501-800,0.5926739505201215
688,Zubat,17,501-800,0.5923579412740733
689,Golbat,17,501-800,0.5920437756329848
690,Budew,17,501-800,0.5917314331716619
691,Linoone,17,501-800,0.5914208937972039
692,Ferrothorn,17,501-800,0.5911121377418921
693,Wurmple,17,501-800,0.590805145556265
694,Fomantis,17,501-800,0.5904998981023765
695,Glameow,17,501-800,0.590196376547231
696,Kricketune,17,501-800,0.5898945623563898
697,Phione,17,501-800,0.5895944372877429
698,Koffing,17,501-800,0.5892959833854416
699,Sandy Shocks,17,501-800,0.5889991829739882
700,Milcery,17,501-800,0.5887040186524746
701,Rhyperior,17,501-800,0.5884104732889696
702,Hippowdon,17,501-800,0.5881185300150463
703,Tirtouga,17,501-800,0.5878281722204494
704,Clauncher,17,501-800,0.5875393835478936
705,Lechonk,17,501-800,0.5872521478879942
706,Litleo,17,501-800,0.5869664493743213
707,Thundurus,17,501-800,0.5866822723785778
708,Boldore,17,501-800,0.5863996015058954
709,Minior,17,501-800,0.5861184215902445
710,Parasect,17,501-800,0.5858387176899577
711,Rufflet,17,501-800,0.5855604750833601
712,Houndstone,17,501-800,0.5852836792645064
713,Ariados,17,501-800,0.5850083159390189
714,Gothitelle,17,501-800,0.5847343710200257
715,Voltorb,17,501-800,0.5844618306241954
716,Seel,17,501-800,0.5841906810678655
717,Iron Crown,17,501-800,0.5839209088632616
718,Shellos,17,501-800,0.5836525007148063
719,Darumaka,17,501-800,0.5833854435155129
720,Piloswine,17,501-800,0.5831197243434639
721,Cetitan,17,501-800,0.5828553304583705
722,Pinsir,17,501-800,0.5825922492982111
723,Kubfu,17,501-800,0.5823304684759475
724,Lombre,17,501-800,0.5820699757763155
725,Bronzong,17,501-800,0.581810759152688
726,Gimmighoul,17,501-800,0.5815528067240104
727,Swanna,17,501-800,0.5812961067718034
728,Claydol,17,501-800,0.5810406477372339
729,Hitmonlee,17,501-800,0.5807864182182512
730,Klinklang,17,501-800,0.5805334069667866
731,Anorith,17,501-800,0.580281602886015
732,Makuhita,17,501-800,0.5800309950276769
733,Magmar,17,501-800,0.5797815725894587
734,Clobbopus,17,501-800,0.5795333249124316
735,Pidove,17,501-800,0.5792862414785439
736,Ekans,17,501-800,0.5790403119081697
737,Electrode,17,501-800,0.5787955259577096
738,Numel,17,501-800,0.5785518735172421
739,Heatran,17,501-800,0.5783093446082274
740,Beartic,17,501-800,0.5780679293812574
741,Roggenrola,17,501-800,0.5778276181138557
742,Grimmsnarl,17,501-800,0.5775884012083226
743,Duraludon,17,501-800,0.5773502691896257
744,Surskit,17,501-800,0.5771132127033357
745,Morelull,17,501-800,0.5768772225136035
746,Spinarak,17,501-800,0.5766422895011807
747,Pidgey,17,501-800,0.5764084046614805
748,Turtonator,17,501-800,0.5761755591026786
749,Volcanion,17,501-800,0.5759437440438531
750,Toedscruel,17,501-800,0.5757129508131623
751,Staravia,17,501-800,0.5754831708460603
752,Overqwil,17,501-800,0.575254395683547
753,Skorupi,17,501-800,0.5750266169704558
754,Musharna,17,501-800,0.5747998264537739
755,Coalossal,17,501-800,0.5745740159809972
756,Dracozolt,17,501-800,0.5743491774985174
757,Tynamo,17,501-800,0.5741253030500423
758,Vanillish,17,501-800,0.5739023847750452
759,Tentacool,17,501-800,0.5736804149072477
760,Nacli,17,501-800,0.5734593857731304
761,Masquerain,17,501-800,0.5732392897904726
762,Mabosstiff,17,501-800,0.5730201194669221
763,Bibarel,17,501-800,0.5728018673985913
764,Pyroar,17,501-800,0.5725845262686807
765,Dracovish,17,501-800,0.5723680888461301
766,Bonsly,17,501-800,0.5721525479842937
767,Wimpod,17,501-800,0.5719378966196426
768,Shieldon,17,501-800,0.5717241277704901
769,Gulpin,17,501-800,0.5715112345357434
770,Solrock,17,501-800,0.5712992100936767
771,Nuzleaf,17,501-800,0.571088047700729
772,Carvanha,17,501-800,0.5708777406903236
773,Brute Bonnet,17,501-800,0.5706682824717103
774,Ledian,17,501-800,0.5704596665288287
775,Paras,17,501-800,0.5702518864191929
776,Arboliva,17,501-800,0.5700449357727967
777,Seedot,17,501-800,0.569838808291039
778,Shelgon,17,501-800,0.569633497745669
779,Trubbish,17,501-800,0.569428997977751
780,Indeedee,17,501-800,0.5692253028966475
781,Snover,17,501-800,0.5690224064790209
782,Sunflora,17,501-800,0.568820302767854
783,Jellicent,17,501-800,0.568618985871487
784,Rattata,17,501-800,0.568418449962673
785,Grapploct,17,501-800,0.5682186892776496
786,Skiploom,17,501-800,0.5680196981152275
787,Slaking,17,501-800,0.567821470835895
788,Whismur,17,501-800,0.5676240018609389
789,Relicanth,17,501-800,0.5674272856715801
790,Crocalor,17,501-800,0.5672313168081256
791,Avalugg,17,501-800,0.5670360898691341
792,Grimer,17,501-800,0.5668415995105973
793,Magmortar,17,501-800,0.5666478404451347
794,Landorus,17,501-800,0.5664548074412027
795,Gossifleur,17,501-800,0.5662624953223173
796,Trumbeak,17,501-800,0.5660708989662908
797,Pignite,17,501-800,0.5658800133044803
798,Bellibolt,17,501-800,0.5656898333210508
799,Machop,17,501-800,0.565500354052249
800,Muk,17,501-800,0.5653115705856911
801,Lumineon,16,801-1025,1.0
802,Cryogonal,14,801-1025,0.8408964152537145
803,Sinistcha,13,801-1025,0.7598356856515925
804,Bastiodon,13,801-1025,0.7071067811865476
805,Forretress,12,801-1025,0.668740304976422
806,Cradily,12,801-1025,0.6389431042462724
807,Swoobat,12,801-1025,0.6147881529512643
808,Tornadus,12,801-1025,0.5946035575013605
809,Gloom,12,801-1025,0.5773502691896257
810,Wugtrio,11,801-1025,0.5623413251903491
811,Pupitar,11,801-1025,0.5491004867761125
812,Chingling,11,801-1025,0.537284965911771
813,Poltchageist,11,801-1025,0.5266403878479267
814,Seismitoad,11,801-1025,0.5169731539571706
815,Gholdengo,11,801-1025,0.5081327481546147
816,Munna,11,801-1025,0.5
817,Orbeetle,11,801-1025,0.4924790605054523
818,Weepinbell,11,801-1025,0.48549177170732344
819,Swirlix,11,801-1025,0.4789736254435747
820,Iron Hands,11,801-1025,0.4728708045015879
821,Fezandipiti,10,801-1025,0.4671379777282001
822,Woobat,10,801-1025,0.4617366309441026
823,Zarude,10,801-1025,0.4566337854967312
824,Grafaiai,10,801-1025,0.45180100180492244
825,Slurpuff,10,801-1025,0.4472135954999579
826,Nincada,10,801-1025,0.4428500142691474
827,Baxcalibur,10,801-1025,0.4386913376508308
828,Beheeyem,10,801-1025,0.4347208719449914
829,Clamperl,10,801-1025,0.43092381945890607
830,Tapu Bulu,10,801-1025,0.42728700639623407
831,Klink,10,801-1025,0.42379865741502165
832,Copperajah,10,801-1025,0.42044820762685725
833,Kilowattrel,10,801-1025,0.4172261448611506
834,Unfezant,10,801-1025,0.41412387656655203
835,Stonjourner,10,801-1025,0.4111336169005197
836,Mr. Rime,10,801-1025,0.408248290463863
837,Sizzlipede,10,801-1025,0.40546144983876986
838,Weezing,10,801-1025,0.4027672046365773
839,Dewpider,10,801-1025,0.4001601601922499
840,Garbodor,10,801-1025,0.3976353643835253
841,Durant,10,801-1025,0.3951882613244048
842,Elgyem,10,801-1025,0.39281465090051304
843,Grubbin,10,801-1025,0.3905106532895161
844,Wiglett,10,801-1025,0.38827267775222324
845,Passimian,10,801-1025,0.3860973950960897
846,Ambipom,10,801-1025,0.38398171330793496
847,Bunnelby,10,801-1025,0.3819227559309533
848,Drizzile,10,801-1025,0.37991784282579627
849,Accelgor,10,801-1025,0.37796447300922725
850,Bergmite,10,801-1025,0.3760603093086394
851,Hypno,10,801-1025,0.3742031646082125
852,Spewpa,10,801-1025,0.37239098949398236
853,Terrakion,10,801-1025,0.3706218611316513
854,Mandibuzz,10,801-1025,0.36889397323344053
855,Slakoth,10,801-1025,0.3672056269893592
856,Shiinotic,9,801-1025,0.36555522285451236
857,Mudbray,9,801-1025,0.3639412530979476
858,Cetoddle,9,801-1025,0.362362295030433
859,Dustox,9,801-1025,0.360817004838774
860,Panpour,9,801-1025,0.3593041119630842
861,Dolliv,9,801-1025,0.35782241396102615
862,Venomoth,9,801-1025,0.3563707718096288
863,Klang,9,801-1025,0.3549481056010053
864,Finneon,9,801-1025,0.3535533905932738
865,Exeggcute,9,801-1025,0.3521856535823236
866,Lokix,9,801-1025,0.35084396956386854
867,Mr. Mime,9,801-1025,0.3495274586585512
868,Gothorita,9,801-1025,0.3482352832757854
869,Exploud,9,801-1025,0.346966645494591
870,Weedle,9,801-1025,0.345720784641941
871,Iron Treads,9,801-1025,0.34449697505113935
872,Arctozolt,9,801-1025,0.34329452398451965
873,Pansage,9,801-1025,0.3421127697063215
874,Pincurchin,9,801-1025,0.3409510796929954
875,Swalot,9,801-1025,0.3398088489694245
876,Glimmora,9,801-1025,0.3386854985606571
877,Seaking,9,801-1025,0.3375804740497263
878,Fearow,9,801-1025,0.33649324423301513
879,Brambleghast,9,801-1025,0.3354232998654124
880,Lileep,9,801-1025,0.334370152488211
881,Geodude,9,801-1025,0.3333333333333333
882,Qwilfish,9,801-1025,0.33231239229804016
883,Oranguru,9,801-1025,0.33130689698479016
884,Spearow,9,801-1025,0.3303164318013807
885,Mothim,9,801-1025,0.329340597116918
886,Eelektrik,9,801-1025,0.32837900846954027
887,Igglybuff,9,801-1025,0.32743129582216096
888,Happiny,9,801-1025,0.3264971028628052
889,Ledyba,9,801-1025,0.3255760863463961
890,Naclstack,9,801-1025,0.32466791547509893
891,Toxel,9,801-1025,0.32377227131456426
892,Flamigo,9,801-1025,0.322888846243622
893,Orthworm,9,801-1025,0.32201734343516736
894,Wattrel,9,801-1025,0.321157476366158
895,Medicham,9,801-1025,0.32030896835479866
896,Nosepass,9,801-1025,0.3194715521231362
897,Quaxwell,9,801-1025,0.31864496938342196
898,Baltoy,9,801-1025,0.31782897044671854
899,Heatmor,9,801-1025,0.31702331385234306
900,Loudred,9,801-1025,0.31622776601683794
901,Goldeen,9,801-1025,0.3154421009012572
902,Feebas,9,801-1025,0.3146660996956416
903,Ting-Lu,9,801-1025,0.3138995505196357
904,Castform,9,801-1025,0.31314224813827346
905,Mime Jr.,9,801-1025,0.3123939936920256
906,Scovillain,9,801-1025,0.31165459444026555
907,Cufant,9,801-1025,0.31092386351736717
908,Pansear,9,801-1025,0.31020161970069987
909,Metapod,9,801-1025,0.3094876871898382
910,Toedscool,9,801-1025,0.3087818953963448
911,Meditite,9,801-1025,0.3080840787435305
912,Bronzor,9,801-1025,0.30739407647563216
913,Skwovet,9,801-1025,0.30671173247588646
914,Bouffalant,9,801-1025,0.306036895093009
915,Espathra,9,801-1025,0.30536941697562214
916,Revavroom,9,801-1025,0.3047091549142
917,Klawf,9,801-1025,0.3040559696901293
918,Pecharun,9,801-1025,0.3034097259315072
919,Sawk,9,801-1025,0.302770291975321
920,Kricketot,9,801-1025,0.3021375397356768
921,Vigoroth,9,801-1025,0.30151134457776363
922,Shelmet,9,801-1025,0.3008915851972576
923,Conkeldurr,9,801-1025,0.30027814350488985
924,Cherrim,9,801-1025,0.2996709045159163
925,Sunkern,9,801-1025,0.2990697562442441
926,Tranquill,9,801-1025,0.2984745896009823
927,Thwackey,9,801-1025,0.29788529829719923
928,Magby,9,801-1025,0.29730177875068026
929,Bombirdier,9,801-1025,0.29672392999649083
930,Lickilicky,9,801-1025,0.29615165360116247
931,Skrelp,9,801-1025,0.29558485358032777
932,Drowzee,9,801-1025,0.2950234363196404
933,Spritzee,9,801-1025,0.294467310498826
934,Veluza,9,801-1025,0.29391638701871664
935,Arctibax,9,801-1025,0.2933705789311311
936,Sandaconda,9,801-1025,0.29282980137146974
937,Carkol,9,801-1025,0.29229397149389874
938,Ferroseed,9,801-1025,0.291763008409008
939,Iron Boulder,9,801-1025,0.29123683312382914
940,Calyrex,9,801-1025,0.29071536848410967
941,Crabrawler,9,801-1025,0.29019853911874177
942,Tinkatink,9,801-1025,0.2896862713862514
943,Graveler,9,801-1025,0.2891784933232571
944,Simisage,9,801-1025,0.28867513459481287
945,Pineco,9,801-1025,0.28817612644655344
946,Hippopotas,9,801-1025,0.2876814016585653
947,Raticate,9,801-1025,0.287190894500909
948,Bramblin,9,801-1025,0.2867045406907234
949,Remoraid,9,801-1025,0.286222277350845
950,Morgrem,9,801-1025,0.28574404296987993
951,Quilladin,9,801-1025,0.28526977736366665
952,Snubbull,9,801-1025,0.2847994216380737
953,Kakuna,9,801-1025,0.2843329181530769
954,Purugly,9,801-1025,0.2838702104880645
955,Stunfisk,9,801-1025,0.2834112434083198
956,Timburr,9,801-1025,0.2829559628326351
957,Barraskewda,9,801-1025,0.28250431580201074
958,Barboach,9,801-1025,0.2820562504493971
959,Okidogi,9,801-1025,0.2816117159704376
960,Tympole,9,801-1025,0.28117066259517454
961,Probopass,9,801-1025,0.28073304156067924
962,Greedent,9,801-1025,0.2802988050845715
963,Granbull,9,801-1025,0.27986790633939385
964,Grumpig,9,801-1025,0.27944029942780807
965,Chewtle,9,801-1025,0.2790159393585827
966,Karrablast,9,801-1025,0.2785947820233417
967,Nymble,9,801-1025,0.27817678417404584
968,Luvdisc,9,801-1025,0.2777619034011791
969,Tadbulb,9,801-1025,0.2773500981126146
970,Barbaracle,9,801-1025,0.27694132751313416
971,Stantler,9,801-1025,0.2765355515845788
972,Impidimp,9,801-1025,0.2761327310666056
973,Throh,9,801-1025,0.27573282743803024
974,Scatterbug,9,801-1025,0.2753358028987337
975,Palpitoad,9,801-1025,0.274941620352113
976,Skuntank,9,801-1025,0.2745502433880562
977,Tarountula,9,801-1025,0.2741616362664238
978,Simipour,9,801-1025,0.2737757639010184
979,Burmy,9,801-1025,0.27339259184402487
980,Arctovish,9,801-1025,0.2730120862709067
981,Rolycoly,9,801-1025,0.2726342139657395
982,Spidops,9,801-1025,0.2722589423069702
983,Glimmet,9,801-1025,0.2718862392535843
984,Silicobra,9,801-1025,0.27151607333166955
985,Stunky,9,801-1025,0.2711484136213612
986,Aromatisse,9,801-1025,0.27078322974415653
987,Dottler,9,801-1025,0.2704204918505864
988,Alomomola,9,801-1025,0.27006017060823184
989,Huntail,9,801-1025,0.26970223719007375
990,Simisear,9,801-1025,0.2693466632631657
991,Gothita,9,801-1025,0.26899342097761825
992,Varoom,9,801-1025,0.2686424829558855
993,Wormadam,9,801-1025,0.268293822282343
994,Arrokuda,9,801-1025,0.26794741249314913
995,Rabsca,9,801-1025,0.2676032275663791
996,Jynx,9,801-1025,0.2672612419124244
997,Shroodle,9,801-1025,0.26692143036464805
998,Tyrogue,9,801-1025,0.26658376817028856
999,Oinkologne,9,801-1025,0.26624823098160405
1000,Gorebyss,9,801-1025,0.26591479484724945
1001,Silcoon,9,801-1025,0.2655834362038789
1002,Gumshoos,9,801-1025,0.2652541318679677
1003,Patrat,9,801-1025,0.26492685902784496
1004,Yungoos,9,801-1025,0.26460159523593296
1005,Diggersby,9,801-1025,0.26427831840118443
1006,Gurdurr,9,801-1025,0.2639570067817139
1007,Vullaby,9,801-1025,0.2636376389776156
1008,Squawkabilly,9,801-1025,0.26332019392396333
1009,Cascoon,8,801-1025,0.2630046508839862
1010,Crabominable,8,801-1025,0.2626909894424158
1011,Basculin,8,801-1025,0.26237918949899863
1012,Illumise,8,801-1025,0.2620692312621696
1013,Enamorus,8,801-1025,0.26176109524288205
1014,Maschiff,8,801-1025,0.2614547622485892
1015,Volbeat,8,801-1025,0.2611502133773728
1016,Frigibax,8,801-1025,0.26084743001221455
1017,Flittle,8,801-1025,0.26054639381540684
1018,Watchog,8,801-1025,0.2602470867230979
1019,Blipbug,8,801-1025,0.25994949093996816
1020,Capsakid,8,801-1025,0.25965358893403384
1021,Smoochum,8,801-1025,0.25935936343157395
1022,Munkidori,8,801-1025,0.2590667974121779
1023,Binacle,8,801-1025,0.2587758741039097
1024,Bruxish,8,801-1025,0.2584865769785853
1025,Rellor,8,801-1025,0.2581988897471611
